id,question 1,question 2,label
1,"Cơ quan làm công tác thi đua, khen thưởng trong ngành Công thương có trách nhiệm gì?","Trách nhiệm của cơ quan làm công tác thi đua , khen thưởng trong ngành Công thương",1
2,"Các cơ quan báo chí ngành Công Thương có trách nhiệm gì trong công tác thi đua, khen thưởng?",Trách nhiệm của cơ quan báo chí ngành Công thương trong thi đua khen thưởng,1
3,"Ai có thẩm quyền cử cán bộ công đoàn đi đào tạo,bồi dưỡng?","Người nào có thẩm quyền cử cán bộ công đoàn đi đạo tạo, bồi dưỡng",1
4,Trong ngành Công Thương có các danh hiệu thi đua nào dành cho cá nhân?,Danh hiệu thi đua không cho cá nhân trong ngành Công thương,0
5,"Chi đào tạo, bồi dưỡng cho cán bộ công đoàn được quy định ra sao?","Thế nào là chi đào tạo, bôi dưỡng cán bộ công đoàn",1
6,"Có các hình thức khen thưởng nào đối với cá nhân, tập thể ngành công thương?","Có bao nhiêu cách khen thưởng cá nhân, tập thể ngành công thương",1
7,"Đăng ký tổ chức hội chợ, triển lãm thương mại ở đâu?","Nơi đăng kí ổ chức hội chợ, triển lãm thương mại",1
8,Hình thức khen thưởng ngành Công thương,Khen thưởng trong ngành công thương là gì,0
9,DN kinh doanh dịch vụ kế toán nước ngoài báo cáo không đầy đủ nội dung tình hình cung cấp dịch vụ kế toán qua biên giới cho BTC bị xử phạt ra sao?,Mức phạt cho DN kinh doanh dịch vụ kế toán nước ngoài báo cáo không đủ nội dung cung cấp dịch vụ kế toán qua biên giới cho BTC là bao nhiêu,1
10,Cơ chế hoạt động của Hội đồng giám sát xổ số được quy định như thế nào?,Hội đồng giám sát xổ số là gì,0
11,Đối tượng nào được Quỹ đổi mới công nghệ quốc gia hỗ trợ tài chính?,Ai là người được Quỹ đổi mới công nghệ quốc gia hỗ trợ kinh tế,1
12,Chủ tịch Hội đồng giám sát xổ số được quy định như thế nào?,Chủ tịch Hội đồng giám sát xổ số có quyền gì,0
13,Thành viên Hội đồng giám sát xổ số được quy định như thế nào?,Ai mới đủ điều kiện để là Thành viên Hội đồng giám sát xổ số,1
14,Nhiệm vụ của Hội đồng giám sát xổ số được quy định như thế nào?,Hình thức hoạt động của Hội đồng giám sát xổ số,0
15,Quyền hạn của Hội đồng giám sát xổ số được quy định ra sao?,Hội đồng giám sát xổ số được phép quyết định những gì,1
16,Hội đồng khoa học và công nghệ do Hội đồng quản lý Quỹ đổi mới công nghệ quốc gia quyết định thành lập như thế nào?,Nhiệm vụ của Hội đồng khoa học và công nghệ là gì,0
17,DN kinh doanh dịch vụ kế toán nước ngoài không báo cáo việc thực hiện hợp đồng cung cấp DVKT qua biên giới bị xử phạt ra sao?,Mức phạt cho DN kinh doanh dịch vụ kế toán nước ngoài không báo cáo cung cấp dịch vụ kế toán qua biên giới cho BTC là bao nhiêu,1
18,DN kinh doanh dịch vụ kế toán nước ngoài thực hiện các hành vi bị nghiêm cấm trong hoạt động cung cấp dịch vụ kế toán bị xử phạt ra sao?,Mức phạt cho DN kinh doanh dịch vụ kế toán nước ngoài có hành vi vi phạm điều cấm trong hoạt động cung cấp dịch vụ là gì,1
19,Tăng cường công tác quản lý và nâng cao đạo đức nhà giáo được quy định như thế nào đối với các sở giáo dục và đào tạo?,Quy định về tăng cường quản lý nâng cao đạo đức nhà giáo trong sở giáo dục và đào tạo là gì,1
20,"Thời hạn không được kinh doanh của cán bộ, công chức, viên chức sau khi thôi giữ chức vụ là gì?","Cán bộ, công chức, viên chức phải mất bao lâu mới được hoạt động kinh doanh sau khi thôi giữ chức vụ",1
21,"Vị trí, chức năng của Sở y tế là gì?",Sở y tế có tác dụng là gì,1
22,Nhiệm vụ và quyền hạn của Sở y tế đối với Ủy ban nhân dân cấp tỉnh là gì?,Sở y tế và Uỷ ban nhân dân cấp tỉnh có trách nhiệm gì với nhau,0
23,Trường hợp đối chất trong tố tụng dân sự 2004 được quy định như thế nào?,Tố tụng dân sự 2004 là gì,0
24,Sở y tế cần phải trình những dự thảo nào lên Chủ tịch Ủy ban nhân dân cấp tỉnh?,Dự thảo mà sở y tế cần phải cung cấp cho Chủ tịch uỷ ban nhân dân tỉnh là gì,1
25,"Nhiệm vụ và quyền hạn của Sở y tế về truyền thông, giáo dục sức khỏe là gì?","Quyền và nghĩa vụ của Sở y tế với truyền thông, giáo dục sức khoẻ",1
26,Nhiệm vụ và quyền hạn của Sở y tế đối với công tác y tế dự phòng là gì?,Quyền và nghĩa vụ của Sở y tế với công tác y tế dự phòng ,1
27,Biện pháp bảo đảm thực hiện nghĩa vụ dân sự theo Bộ luật Dân sự 1995 gồm những biện pháp nào?,Cách để thực hiện đúng nghĩa vụ dân sự theo Bộ luật Dân sự 1995,1
28,"Nhiệm vụ và quyền hạn của Sở y tế trong việc khám bệnh, chữa bệnh và phục hồi chức năng là gì?","Trách nhiệm của Sở y tế trong việc khám, chữa bệnh và phục hồi chức năng là gì",1
29,Tiền môi giới đi làm việc ở nước ngoài theo hợp đồng được quy định như thế nào?,Định nghĩa tiền môi giới đi làm việc ở nước ngoài theo hợp đồng,0
30,Sở y tế có nhiệm vụ và quyền hạn gì đối với vấn đề an toàn thực phẩm?,Trách nhiệm của Sở y tế trong vấn đề an toàn thực phẩm,1
31,Sở y tế có nhiệm vụ và quyền hạn gì trong việc đào tạo nguồn nhân lực y tế?,Trách nhiệm của Sở y tế trong vấn đề đào tạo nguồn nhân lực y tế,1
32,Lãnh đạo của Sở Y tế được quy định như thế nào?,Điều kiện để có thể làm lãnh đạo Sở y tế,1
33,Chậm thực hiện nghĩa vụ dân sự theo Bộ luật dân sự 2005 được quy định như thế nào?,Chậm thực hiện nghĩa vụ dân sự theo bộ luật dân sự 2005 thì sẽ phải mắc những vấn đề ì,1
34,Vận chuyển tài liệu mật trong quân đội được quy định như thế nào?,Những quy định cần biết khi vận chuyển tài liệu mật trong quân đội?,1
35,Phạm vi đại diện theo Bộ luật dân sự 2005 được quy định ra sao?,Những quy định cần biết trong việc phạm vi đại diện theo như bộ luật dân sự 1995,1
36,Thẻ bảo hiểm y tế được quy định như thế nào?,Những quy định cần biết khi sử dụng thẻ bảo hiểm y tế,1
37,Phạm vi thẩm quyền đại diện theo Bộ luật dân sự 1995 được quy định ra sao?,Quy định trong phạm vi thẩm quyền đại diện theo bộ luật dân sự 1995,1
38,Tài liệu mật trong quân đội được quản lý như thế nào?,Hình thức quản lý tài liệu mật trong quân đội là gì,1
39,Tài liệu mật trong quân đội được thu hồi trong những trường hợp nào?,Định nghĩa tài liệu mật trong quân đội,0
40,Thời điểm thẻ bảo hiểm y tế có giá trị sử dụng được quy định như thế nào?,Quy định về giá trị thời gian sử dụng của thẻ bảo hiểm y tế,1
41,Cung cấp dịch vụ viễn thông có một chỉ tiêu chất lượng thấp hơn quy định bị phạt bao nhiêu?,Cung cấp dịch vụ viễn thông có chất lượng cao hơn so với quy định thì sao,0
42,"Không công bố, kiểm tra, kiểm soát chất lượng mạng theo quy định của cơ quan nhà nước có thẩm quyền bị phạt bao nhiêu?","Mức phạt cho hành vi không công bố, kiểm tra, kiểm soát chất lượng mạng theo quy định của nhà nước là bao nhiêu",1
43,Các loại tài liệu nghiệp vụ trong quân đội nào phải được tiến hành đăng ký?,Tài liệu nghiệp vụ trong quân đội là gì,0
44,Những loại tài liệu mật trong quân đội nào thuộc diện bị hủy?,Loại tài liệu mật nào trong quân đội thì cần phải bị huỷ,1
45,"Người phổ biến, sử dụng thông tin mật trong quân đội có trách nhiệm gì?","Trách nhiệm của người phổ biến, sử dụng thông tin mật trong quân đội",1
46,Hồ sơ cấp thẻ bảo hiểm y tế bao gồm các loại giấy tờ nào?,Những lợi ích khi sử dụng bảo hiểm y tế,0
47,Tổ chức kiểm định chất lượng giáo dục có nhiệm vụ được quy định như thế nào?,Nhiệm vụ của tổ chức kiểm định chất lượng giáo dục,1
48,Trách nhiệm của tổ chức kiểm định chất lượng giáo dục là gì?,Tổ chức kiểm định giáo dục cần phải làm những gì,1
49,Quyền hạn của tổ chức kiểm định chất lượng giáo dục là gì?,Tổ chức kiểm định giáo dục có thể quyết định những gì,1
50,Nguồn tài chính của tổ chức kiểm định chất lượng giáo dục do Nhà nước thành lập được quy định như thế nào?,Nhà nước quy định nguồn tài chính cho tổ chức kiểm định giáo dục như thế nào,1
51,Quyền hạn và nghĩa vụ tài chính của tổ chức kiểm định chất lượng giáo dục là gì?,Tổ chức kiểm định giáo dục có trách nhiệm gì với nguồn tài chính và được quyền quyết định gì,1
52,Thế nào là quan trắc công trình đường sắt,Quan trắc công trình đường sắt là gì,1
53,Mức phạt tiền với hành vi chế biến thủy sản có xuất xứ từ cơ sở nuôi cấm thu hoạch,Chế biến thuỷ sản có xuất xứ từ cơ sở nuôi cấm thu hoạch là gì,0
54,Thế nào là sửa chữa công trình đường sắt?,Định nghĩa sửa chữa công trình đường sắt,1
55,Quyền của người nhờ thu hối phiếu là gì?,Người nhờ thu hối phiếu có những quyền hạn gì,1
56,Mức phạt tiền với hành vi thuê người khác vận chuyển thủy sản có tạp chất,Thuê người khác vận chuyển thuỷ sản có tạp chất bị phạt bao nhiêu,1
57,Mức phạt tiền đối với hành vi thu gom thủy sản có tạp chất là bao nhiêu?,Thu gom thuỷ sản có tạp chất bị phạt bao nhiêu,1
58,Đường ống công nghệ là gì?,Định nghĩa đường ống công nghệ,1
59,Hồ sơ quản lý hành lang an toàn giao thông đường sắt gồm những gì?,Quy định của hành lang an toàn giao thông đường sắt,0
60,Hồ sơ bảo trì công trình đường sắt,Giấy tờ cần thiết cho việc bảo trì công trình đường sắt,1
61,"Tuyên truyền, giáo dục phòng, chống mại dâm trong trường học được quy định như thế nào?",Giáo dục về  phòng chống mại dâm trong trường học,1
62,Người nộp lệ phí môn bài bao gồm những ai?,Lệ phí môn bài là gì,0
63,"Trách nhiệm của cá nhân trong phòng, chống mại dâm được quy định như thế nào?",Cá nhân trong phòng chống mại dâm có trách nhiệm là gì,1
64,Tòa án ra quyết định định giá tài sản và thành lập Hội đồng định giá trong tố tụng dân sự trong các trường hợp nào?,Quy định định giá tài sản và thành lập hội đồng định giá trong tố tụng dân sự,0
65,"Mỗi gia đình có trách nhiệm gì trong việc phòng, chống mại dâm?",Trách nhiệm của mỗi gia đình trong phòng chống mại dâm,1
66,Nguyên tắc giao dịch văn bản tố tụng bằng phương tiện điện tử,Quy định của cá nhân trong giao dịch văn bản tố tụng bằng phương tiện điện tử,1
67,Thủ tục đăng ký gửi và nhận thông điệp dữ liệu điện tử với Tòa án,Quy trình đăng ký gửi và nhận thông điệp dữ liệu điện tử với Toà án,1
68,Phương thức đóng bảo hiểm y tế đối với người có công với cách mạng,Các cách để đóng bảo hiểm y tế đối với người có công với cách mạng,1
69,"Việc bán, cho thuê phim được quy định như thế nào?","Quy định trong việc cho thuê, bán phim",1
70,Gửi ngân quỹ nhà nước tạm thời nhàn rỗi tại ngân hàng thương mại có kỳ hạn được pháp luật quy định như thế nào?,Quy định trong việc gửi ngân quỹ nhà nhước tạm thời tại ngân hàng thương mại có kỳ hạn,1
71,"Việc thuê máy móc, thiết bị tại cơ quan, tổ chức, đơn vị sự nghiệp công lập được quy định như thế nào?","Quy định trong việc thuê máy móc, thiết bị tại cơ quan, tổ chức, đơn vị công lập",1
72,"Việc khoán kinh phí sử dụng máy móc, thiết bị văn phòng phổ biến tại cơ quan, tổ chức, đơn vị sự nghiệp công lập quy định thế nào?",Khoán kinh phí sử dụng máy móc thiết bị văn phòng phổ biến tại cơ quan tổ chức công lập là gì,0
73,"Nhiệm vụ, quyền hạn của Trung tâm Gìn giữ hòa bình Việt Nam",Trung tâm gìn giữ hoà bình Việt nam có những nhiệm vụ và quyền gì,1
74,Thủ tục bổ nhiệm lại Thẩm phán cao cấp được tiến hành như thế nào?,Giấy tờ cần thiết trong việc bổ nhiệm lại thẩm phán cao cấp là gì,1
75,Thủ tục bổ nhiệm Thẩm phán sơ cấp được quy định như thế nào?,Giấy tờ cần thiết trong việc bổ nhiệm thẩm phán sơ cấp,1
76,Thủ tục bổ nhiệm Thẩm phán trung cấp được quy định như thế nào?,Giấy tờ cần thiết trong việc bổ nhiệm thẩm phán trung cấp,1
77,"Nhiệm vụ, quyền hạn của Trung tâm pháp y cấp tỉnh",Trung tâm pháp y cấp tỉnh là gì,0
78,Thù lao dịch vụ đấu giá tài sản,Phí dịch vụ đấu giá tài sản,1
79,Mục đích liên kết giáo dục quốc phòng và an ninh là gì?,Liên kết giáo dục quốc phòng an ninh nhằm mục đích gì,1
80,Dịch vụ thuê quầy làm thủ tục hành khách gồm những nội dung nào?,Thuê quầy làm thủ tục hành khách cần chú ý những gì,1
81,Giấy chứng minh Công an nhân dân là gì?,Giấy chứng minh công an nhân dân dùng vào mục đích  nào,0
82,Giấy chứng minh Công an nhân dân được cấp cho đối tượng nào?,Người nào không được cấp giấy chứng minh công an nhân dân,0
83,"Nhiệm vụ phòng đào tạo, quản lý sinh viên của trung tâm giáo dục quốc phòng và an ninh là gì?","Phòng đào tạo, quản lý sinh viên của trung tâm giáo dục quốc phòng và an ninh làm những gì?",1
84,"Thuốc phòng, chữa bệnh cho người là gì?","Khái niệm thuốc phòng, chữa bệnh cho người?",1
85,Thuốc thành phẩm là gì?,Khái niệm thuốc thành phẩm?,1
86,Nhà nước quản lý những nhóm giá thuốc nào?,Những nhóm giá thuốc nào được Nhà nước quản lý?,1
87,"Quản lý giá một số thuốc do Nhà nước đặt hàng, định giá được tiến hành như thế nào?","Quy trình quản lý giá thuốc do nhà nước đặt hàng, định giá là gì",1
88,Quản lý giá thuốc do cơ sở tự định giá được thực hiện như thế nào?,Quy trình thực hiện quản lý giá thuốc do cơ sở tự định giá là ,1
89,Đối tượng tham gia liên kết giáo dục quốc phòng và an ninh được quy định như thế nào?,Ai không được phép tham gia liên kết giáo dục quốc phòng an ninh,0
90,"Ai có thẩm quyền phê duyệt phương án cứu nạn, cứu hộ của lực lượng Cảnh sát phòng cháy, chữa cháy?","Người nào có quyền phê duyệt phương án cứu nạn, cứu hộ của lực lượng cảnh sát phòng cháy, chữa cháy",1
91,"Lực lượng nào sẽ thường trực sẵn sàng cứu nạn, cứu hộ?",Lực lượng nào đóng vai trò hậu cần trong cứu nạn cứu hộ,0
92,Trình tự thực hiện cấp mã số doanh nghiệp tự động được pháp luật quy định như thế nào?,Thủ tục cấp mã số doanh nghiệp tự động?,1
93,Việc đóng gói tiền mặt được quy định như thế nào?,Thủ tục đóng gói tiền mặt?,1
94,Việc niêm phong tiền mặt được quy định như thế nào?,Thủ tục niêm phong tiền mặt?,1
95,Việc giao nhận tiền mặt trong ngành Ngân hàng được quy định như thế nào?,Thủ tục giao nhận tiền mặt trong Ngân hàng?,1
96,Những dịch vụ hàng không nào do Nhà nước quy định mức giá?,Nhà nước quy định mức giá loại dịch vụ hàng không nào?,1
97,"Hồ sơ hải quan đối với xăng dầu, hóa chất, khí xuất khẩu, tái xuất bao gồm những gì?","Thủ tục hải quan đối với xăng dầu, hóa chất, khí xuất khẩu, tái xuất?",1
98,Trường hợp nào không được bố trí làm cán bộ quản lý kho quỹ ngân hàng?,Ai không được làm án bộ quản lý kho quỹ ngân hàng?,1
99,"Trường hợp nào được mở hộp chìa khóa dự phòng kho tiền, két sắt của ngân hàng?","Khi nào được phép mở hộp chìa khóa dự phòng kho tiền, két sắt của ngân hàng?",1
100,Đánh ghen mức nào thì bị xử lý hình sự?,Xử lý hình sự đối với hành vi đánh ghen như thế nào?,1
101,Quy định về phân loại nợ đối với Ngân hàng Phát triển,Phân loại nợ đối với Ngân hàng Phát triển như thế nào?,1
102,Cơ chế tự chủ tài chính của đơn vị sự nghiệp công là gì?,Quy định về cơ chế tự chủ tài chính của đơn vị sự nghiệp công,1
103,"Trình tự, thủ tục thực hiện để hỗ trợ người lao động ngừng việc do Covid-19",Hỗ trợ người lao động ngừng việc do Covid-19 được tiến hành như thế nào?,1
104,"Trình tự, thủ tục thực hiện để hỗ trợ người lao động ngừng việc do Covid-19","Đối tượng, điều kiện hỗ trợ cho người lao động ngừng việc do Covid-19",0
105,Cách xác định người có công giúp đỡ cách mạng,Tiêu chuẩn xác định người có công giúp đỡ cách mạng,1
106,Mã QR trên thẻ CCCD gắn chip có những thông tin gì?,Những thông tin chứa trong mã QR trên thẻ CCCD là gì?,1
107,Lựa chọn đất xây dựng khi quy hoạch xây dựng phải đảm bảo yêu cầu nào?, Khi quy hoạch xây dựng thì chọn đất phải đảm bảo điều gì?,1
108,"Quy trình, thủ tục, hồ sơ chi hỗ trợ nhân đạo từ Quỹ bảo hiểm xe cơ giới","Quy trình, thủ tục và hồ sơ chi trả hỗ trợ nhân đạo từ Quỹ bảo hiểm xe cơ giới",0
109,Cơ cấu tổ chức Hiệp hội Sáng tạo và Bản quyền tác giả Việt Nam?,Hiệp hội Sáng tạo và Bản quyền tác giả Việt Nam được tổ chức như thế nào?,1
110,Nội dung chi cho công tác thỏa thuận quốc tế mới nhất,Nội dung chi cho công tác điều ước quốc tế theo quy định mới,0
111,"Quy định về điều chỉnh cơ cấu vốn, tài sản của Ngân hàng Phát triển","Điều động vốn, tài sản của Ngân hàng phát triển được quy định như thế nào?",0
112,Kích thước bản sao y có bắt buộc bằng bản chính không?,quy định về bản chính và bản sao,1
113,Khi xảy ra tai nạn đường sắt thì phải làm gì?,Khi xảy ra tai nạn đường sắt thì có phải dừng tàu khẩn cấp không?,1
114,Viên chức thì có phải kê khai tài sản thu nhập hay không?,"quy định về người có nghĩa vụ kê khai tài sản, thu nhập",1
115,"Điều kiện, tiêu chuẩn để xác định là bệnh binh theo quy định mới?",Quy định về chế độ ưu đãi đối với bệnh binh mới nhất,0
116,Trách nhiệm giám sát dự án đầu tư sử dụng vốn nhà nước ngoài đầu tư công thuộc về ai?,Ai có trách nhiệm giám sát dự án đầu tư sử dụng vốn nhà nước ngoài đầu tư công,1
117,Bị phạt hành chính 18 triệu đồng có thể xin nộp phạt nhiều lần hay không?,Có thể xin nộp phạt nhiều lần khi bị phạt tài chính hay không?,1
118,"Tất cả sinh viên đang theo học đại học, cao đẳng sẽ được hỗ trợ vay vốn phải không?",Đối tượng sinh viên được hỗ trợ vay vốn?,1
119,Quy định về nội dung và mức chi thẩm định sách giáo khoa giáo dục phổ thông,Quy định về chi tổ chức họp thẩm định sách giáo khoa giáo dục phổ thông,0
120,Quy định về quy trình lập kế hoạch sử dụng đất kỳ đầu quốc gia,Quy trình lập kế hoạch sử dụng đất kỳ đầu quốc gia như thế nào?,1
121,Điều kiện để viên chức chuyên ngành Thông tin và Truyền thông thăng hạng chức danh nghề nghiệp từ hạng III lên hạng II?,Điều kiện để viên chức chuyên ngành Thông tin và Truyền thông thăng hạng chức danh nghề nghiệp hạng IV lên hạng III?,0
122,Yêu cầu đối với tin nhắn quảng cáo được quy định thế nào?, Tin nhắn quảng cáo phải đảm bảo những yêu cầu gì?,1
123,Mã số bảo hiểm y tế của một người có được giữ nguyên?,có quy định về cấu trúc mã thẻ BHYT,1
124,"Quy định về nhiệm vụ, quyền hạn của văn phòng Ủy ban nhân dân cấp tỉnh","Nhiệm vụ, quyền hạn của văn phòng Ủy ban nhân dân cấp tỉnh là gì?",1
125,Tổ chức bộ máy của Công an cấp tỉnh thì sẽ do người nào quy định?,Tổ chức bộ máy của Công an cấp tỉnh thì sẽ do ai quy định?,1
126,Có việc làm thì phải thông báo cho Trung tâm dịch vụ việc làm trong vòng bao nhiêu ngày?,Có việc làm thì có phải thông báo cho Trung tâm dịch vụ việc làm không?,1
127,Những chuyên ngành nào đủ điều kiện để được cấp Chứng chỉ định giá đất?,Để được chứng chỉ định giá đất phải có đủ các điều kiện gì?,1
128,Trên mặt có sẹo do tai nạn có phải đổi CCCD hay không?,Các trường hợp đổi thẻ Căn cước công dân?,1
129,Nhà chung cư nhiều chủ sở hữu thì mới phải lập Ban quản trị?,Quy định về Ban quản trị nhà chung cư,1
130,Đánh giá chương trình đầu tư công được thực hiện như thế nào?,Để đánh giá chương trình đầu tư công thì cần những gì?,1
131,Trách nhiệm Ủy ban nhân dân cấp huyện về chính sách trợ giúp xã hội đối với đối tượng bảo trợ xã hội?,Trách nhiệm Ủy ban nhân dân cấp xã về chính sách trợ giúp xã hội đối với đối tượng bảo trợ xã hội?,0
132,Những sinh viên nào khi tốt nghiệp có thể được tuyển chọn đào tạo sĩ quan dự bị?, Sinh viên khi tốt nghiệp đại học phải đảm bảo các điều kiện gì để được tuyển chọn đào tạo sĩ quan dự bị?,1
133,Thời gian đào tạo sĩ quan dự bị đối với người vừa hoàn thành nghĩa vụ quân sự?,Người vừa hoàn thành nghĩa vụ quân sự được đào tạo sĩ quan dự bị trong bao lâu?,1
134,Những tiêu chí thành lập chi cục và các tổ chức tương đương thuộc sở,Thành lập chi cục và các tổ chức tương đương thuộc sở thì cần những tiêu chí nào?,1
135,Quyết định khởi tố vụ án hình sự thì có cần phải ghi điều bao nhiêu hay không?,Có cần ghi điều bao nhiêu khi quyết định khởi tố vụ án hình sự không? ,1
136,Hướng dẫn thủ tục đăng ký lấy biển số xe máy,Thủ tục đăng ký lấy biển số xe máy,1
137,Lưu giữ thông tin tín dụng được quy định như thế nào?,Xử lý thông tin tín dụng được quy định như thế nào?,0
138,Lưu giữ thông tin tín dụng được quy định như thế nào?,Quy định lưu giữ thông tin tín dụng,1
139,"Việc xây dựng, tích hợp phương án phát triển cụm công nghiệp vào quy hoạch tỉnh được quy định ra sao?","Xây dựng, tích hợp phương án phát triển cụm công nghiệp vào quy hoạch tỉnh được quy định như thế nào?",1
140,"Ai có thẩm quyền đánh giá, xếp loại chất lượng công chức?","Quy định về thẩm quyền đánh giá, xếp loại chất lượng công chức",1
141,Quyền và nghĩa vụ của công ty thông tin tín dụng quy định như thế nào?,Nghĩa vụ của công ty thông tin tín dụng được quy định như thế nào?,0
142,"Trình tự đánh giá, xếp loại chất lượng công chức là cấp phó","Để đánh giá, xếp loại chất lượng công chức là cấp phó thì làm như thế nào?",1
143,Cá nhân kinh doanh nộp thuế theo từng lần phát sinh có phải thực hiện chế độ kế toán hay không?,Quy định phương pháp tính thuế đối với cá nhân kinh doanh nộp thuế theo từng lần phát sinh,1
144,Hồ sơ khai thuế khi cá nhân cho thuê tài sản trực tiếp khai thuế với cơ quan thuế?,Quy định hồ sơ khai thuế đối với cá nhân cho thuê tài sản trực tiếp khai thuế với cơ quan thuế,1
145,Hơn 60 tuổi có quyền hiến tạng nữa hay không?,Thông tin về quyền hiến tạng,1
146,"Ai có thẩm quyền phê duyệt phương án phòng cháy, chữa cháy?"," Quy định về thẩm quyền phê duyệt phương án phòng cháy, chữa cháy ",1
147,Phải có bằng lái xe B2 mới được thi bằng C đúng không?,Có bắt buộc có bằng lái xe B2 thì mới được thì bằng C?,1
148,"Thời hạn vay để mua, thuê mua nhà ở xã hội là bao lâu?","Mức lãi suất vay để mua, thuê mua nhà ở xã hội là bao nhiêu?",0
149,Làm điều dưỡng ở phòng khám tư chuyên khoa da liễu thì có được cấp chứng chỉ hành nghề hay không?,Quy định điều dưỡng viên muốn được cấp chứng chỉ hành nghề,1
150,Công ty phải gửi báo cáo y tế lao động vào thời gian nào?,Thời gian gửi báo cáo y tế tuyến cơ sở là khi nào?,1
151,Cách xác định người trúng tuyển viên chức khi có 2 người cùng điểm thi ở chỉ tiêu cuối cùng,Quy định về cách xác định người trúng tuyển trong kỳ thi tuyển viên chức ,1
152,Chủ tịch Hội đồng tuyển dụng viên chức có bắt buộc là người đứng đầu đơn vị sự nghiệp công lập hay không?,Có nhất thiết chủ tịch Hội đồng tuyển dụng viên chức  là người đứng đầu đơn vị sự nghiệp công lập hay không?,1
153,Khi ký kết hợp đồng EPC các bên phải thỏa thuận những nội dung gì?,Những nội dung mà khi ký kết hợp đồng EPC các bên phải thỏa thuận?,1
154,"Định nghĩa về hợp đồng xây dựng đơn giản, quy mô nhỏ","Hợp đồng xây dựng đơn giản, quy mô nhỏ là gì?",1
155,"Chức trách, nhiệm vụ đối với ngạch Văn thư viên trung cấp là công chức chuyên ngành văn thư?","Chức trách, nhiệm vụ đối với ngạch Văn thư viên trung cấp là công chức chuyên là  ngành văn thư là gì?",1
156,Sản phẩm thông tin tín dụng là gì?,Như thế nào là sản phẩm thông tin tín dụng?,1
157,Nguyên tắc cung cấp sản phẩm thông tin tín dụng được quy định như thế nào?,Nguyên tắc sử dụng sản phẩm thông tin tín dụng được quy định như thế nào?,0
158,Phát hiện trẻ bị bỏ rơi tại bệnh viện thì cần phải làm gì?,Quy định việc đăng ký khai sinh cho trẻ bị bỏ rơi ,1
159,Phát hiện trẻ bị bỏ rơi tại bệnh viện thì cần phải làm gì?,Phát hiện trẻ bị bỏ rơi thì phải làm gì?,1
160,Cử nhân luật thì có được bảo vệ cho người khởi kiện ở trước tòa hay không?,Ai thì được bảo vệ cho người khởi kiện ở trước tòa?,1
161,Luật sư vắng mặt tại phiên tòa giám đốc thẩm thì sẽ bị hoãn?,Phiên tòa giám đốc thẩm có bị hoãn khi Luật sư vắng mặt không?,1
162,Danh hiệu “Chiến sỹ thi đua cơ sở” ngành BHXH bao gồm những tiêu chuẩn nào?,Những tiêu chuẩn của Danh hiệu “Chiến sỹ thi đua cơ sở” ngành BHXH là gì?,1
163,Chế độ đối với liệt sĩ theo quy định mới gồm những chế độ gì?,Những chế độ đối với liệt sĩ theo quy định mới?,1
164,Điều kiện áp dụng đối với thuế suất thuế xuất khẩu ưu đãi theo Hiệp định UKVFTA?,Thuế suất thuế xuất khẩu ưu đãi theo Hiệp định UKVFTA được áp dụng với điều kiện gì?,1
165,Điều kiện áp dụng đối với thuế suất thuế xuất khẩu ưu đãi theo Hiệp định UKVFTA?,Điều kiện áp dụng về thuế suất thuế nhập khẩu ưu đãi đặc biệt theo Hiệp định UKVFTA?,0
166,Hiểu thế nào về cuộc đấu giá bán cổ phần không thành công?,Cuộc đấu giá bán cổ phần không thành công là như thế nào?,1
167,Mức hỗ trợ mai táng phí cho người hiến bộ phận cơ thể người?,Mai táng phí cho người hiến bộ phận cơ thể người có được hỗ trợ không?,1
168,"Nguyên tắc chung của việc xây dựng, sửa chữa, cải tạo cầu qua sông có đê?","Việc xây dựng, sửa chữa, cải tạo cầu qua sông có đê có nguyên tắc gì?",1
169,Mỗi phạm nhân thì sẽ được đặc xá bao nhiêu lần?,Số lần đặc xá của mỗi phạm nhân?,1
170,Thẩm quyền xử phạt VPHC của Đội trưởng thuộc Chi cục Hải quan trong lĩnh vực văn hóa và quảng cáo,Thẩm quyền xử phạt VPHC của Chi cục trưởng Chi cục Hải quan trong lĩnh vực văn hóa và quảng cáo,0
171,Mức phụ cấp đối với đội cấp cứu 115 vận chuyển người bị cách ly y tế là bao nhiêu?,Quy định về chế độ phụ cấp chống dịch áp dụng với đội cấp cứu 115 vận chuyển người bị cách ly,1
172,Di chúc của công dân Việt Nam đang ở nước ngoài có giá trị trong các trường hợp nào?,Các trường hợp có giá trị của di chúc của công dân Việt Nam đang ở nước ngoài?,1
173,Thủ tục lập di chúc tại nhà riêng được thực hiện như thế nào?,Thủ tục lập di chúc tại nhà riêng,1
174,Bao nhiêu tuổi thì có thể lập di chúc?,Độ tuổi có thể lập di chúc là bao nhiêu,1
175,Nội dung của di chúc thì có được viết tắt hay không?,Viết tắt khi viết di chúc có được không?,1
176,Mức phạt đối với người chờ đèn đỏ ở khu vực bóng râm?,Chờ đèn đỏ ở khu vực bóng râm bị phạt bao nhiêu?,1
177,"Nhiệm vụ quốc phòng, an ninh là như thế nào?","Như thế nào là nhiệm vụ quốc phòng, an ninh",1
178,Quy định về các hình thức tổ chức thi đua trong ngành BHXH,"Quy định về căn cứ xét thi đua, khen thưởng trong ngành BHXH",0
179,Vượt quá nồng độ cồn bị tạm giữ xe khi nào mới lấy lại được?,Thời gian tạm giữ xe khi vi phạm vượt quá nồng độ cồn,1
180,Trang trại quy mô lớn không cập nhật đầy đủ hồ sơ về việc sử dụng thức ăn chăn nuôi sẽ bị xử phạt bao nhiêu?,"Trang trại quy mô lớn không lưu giữ, cập nhật đầy đủ hồ sơ về quá trình hoạt động chăn nuôi bị phạt bao nhiêu?",0
181,Nội dung giải trình của cơ sở giáo dục phổ thông công lập trong quản lý các hoạt động giáo dục,Nội dung giải trình của cơ sở giáo dục mầm non trong quản lý các hoạt động giáo dục,
182,Cơ quan nào cấp giấy phép vận chuyển hàng hóa nguy hiểm?,Giấy phép vận chuyển hàng hóa nguy hiểm do cơ quan nào cấp?,1
183,Cơ quan nào cấp giấy phép vận chuyển hàng hóa nguy hiểm?,Xin giấy phép vận chuyển hàng hóa nguy hiểm ở đâu?,1
184,Hồ sơ thu hồi chứng thư số chuyên dùng Ngành BHXH bao gồm những giấy tờ gì?,Hồ sơ thu hồi chứng thư số chuyên dùng Ngành BHXH gồm những văn bản nào?,1
185,Du học sinh về nước thuộc diện đi cách ly tập trung phải đóng phí là bao nhiêu?,Du học sinh về nước thuộc diện đi cách ly tập trung có phải đóng phí không?,1
186,Ai là người công bố di chúc?,Người nào có quyền công bố di chúc?,1
187,Mẫu báo cáo thực trạng quản trị và cơ cấu tổ chức doanh nghiệp 6 tháng/năm mới nhất,Quy định về mẫu báo cáo thực trạng quản trị và cơ cấu tổ chức doanh nghiệp theo năm,0
188,Kết quả xếp loại viên chức có được làm cơ sở xếp loại Đảng viên hay không?,Xếp loại Đảng viên có cần đến Kết quả xếp loại viên chức hay không? ,1
189,Có được hưởng BHYT khi đã đăng ký hiến tạng?,Khi đăng ký hiến tạng có đươc sử dụng BHYT không?,1
190,Người theo tôn giáo thì có được đăng ký dự tuyển viên chức không?,Người theo đạo thì có được đăng ký dự tuyển viên chức không?,1
191,Những vụ án giết người sẽ bắt buộc khám nghiệm tử thi phải không?,Những vụ án giết người có bắt buộc khám nghiệm tử thi  không?,1
192,Gây rối trật tự công cộng có bị ở tù hay không?,Tội gây rối trật tự công cộng bị phạt như thế nào?,1
193,"Người bệnh tại cơ sở KCB công lập được tham gia ý kiến, giám sát bằng hình thức gì?","Hình thức để người bệnh tại cơ sở KCB công lập được tham gia ý kiến, giám sát?",1
194,Báo cáo về dự án đầu tư bằng hình thức nào?,Hình thức để báo cáo về dự án đầu tư,1
195,Tài liệu xác định địa điểm thực hiện dự án đầu tư tại nước ngoài là loại giấy tờ nào?,Loại văn bản xác định địa điểm thực hiện dự án đầu tư tại nước ngoài là gì?,1
196,"Bến cảng, cầu cảng trong quá trình khai thác cần bảo đảm các yêu cầu nào?","Yêu cầu mà bến cảng, cầu cảng trong quá trình khai thác cần bảo đảm là gì?",1
197,Tất cả văn bản quy phạm pháp luật phải được thể hiện bằng tiếng Việt?,Tất cả văn bản quy phạm pháp luật được thể hiện bằng ngôn ngữ nào?,1
198,Đăng kí nguyện vọng xét tuyển vào đại học qua phương thức nào?,Làm sao để điều chỉnh nguyện vọng đăng ký xét tuyển vào đại học?,0
199,Tổ chức bị phạt hành chính bao nhiêu thì không cần lập biên bản?,Mức phạt hành chính mà không cần lập biên bản là bao nhiêu?,1
200,Áp dụng quản lý rủi ro trong quản lý về đăng ký thuế được quy định như thế nào?,Áp dụng quản lý rủi ro đối với người nộp thuế là hộ kinh doanh được quy định thế nào?,0
201,Quyền của cá nhân khai thác sử dụng tài nguyên nước,"Quyền, nghĩa vụ của tổ chức, cá nhân khai thác, sử dụng tài nguyên nước là gì?",1
202,Quyền của cá nhân khai thác sử dụng tài nguyên nước,Quy định về mức thu tiền cấp quyền khai thác tài nguyên nước hiện nay,0
203,Quyền của cá nhân khai thác sử dụng tài nguyên nước,Quy định về lộ trình tính giá dịch vụ sự nghiệp công sử dụng ngân sách nhà nước,0
204,Trình tự thực hiện đăng ký lại khai sinh có yếu tố nước ngoài,Cách thức thực hiện đăng ký lại khai sinh có yếu tố nước ngoài,0
205,Trình tự thực hiện đăng ký lại khai sinh có yếu tố nước ngoài,"Những giấy tờ, tài liệu có trong hồ sơ đăng ký lại khai sinh có yếu tố nước ngoài", 0
206,Trình tự thực hiện đăng ký lại khai sinh có yếu tố nước ngoài,Quy trình thực hiện đăng ký lại khai sinh có yếu tố nước ngoài,1
207,Trình tự thực hiện đăng ký lại khai sinh có yếu tố nước ngoài,"Thủ tục đăng ký khai sinh có yếu tố nước ngoài cho người đã có hồ sơ, giấy tờ cá nhân",1
208,Người sử dụng lao động được sa thải người lao động trong những trường hợp nào?,Người lao động bị sa thải trong trường hợp nào?,1
209,Người sử dụng lao động được sa thải người lao động trong những trường hợp nào?,Trách nhiệm của người lao động,0
210,Người sử dụng lao động được sa thải người lao động trong những trường hợp nào?,Quy định về hội nghị người lao động,0
211,Tính tiền tăng ca cho người lao động?,Tính tiền làm thêm giờ cho người lao động,1
212,Đối tượng được vay cầm cố tại Ngân hàng Nhà nước, Ai được vay cầm cố tại Ngân hàng Nhà nước,1
213,Người lao động làm việc không trọn thời gian được quy định như thế nào?, Người lao động làm việc bán thời gian được quy định như thế nào?,1
214,Trình tự thực hiện đăng ký chấm dứt giám hộ có yếu tố nước ngoài, Quy trình thực hiện đang ký chấm dứt giám hộ có yếu tố nước ngoài,1
215,Trình tự thực hiện đăng ký chấm dứt giám hộ có yếu tố nước ngoài, Cách thức thực hiện đăng ký chấm dứt giám hộ có yếu tố nước ngoài,0
216,"Vệ sinh đối với người bệnh, người nhà người bệnh trong công tác kiểm soát nhiễm khuẩn trong các cơ sở khám bệnh, chữa bệnh","Vệ sinh đối với bệnh nhân, người nhà bệnh nhân trong công tác kiểm soát nhiễm khuẩn trong các cơ sở khám bệnh, chữa bệnh",1
217,"Vệ sinh đối với người bệnh, người nhà người bệnh trong công tác kiểm soát nhiễm khuẩn trong các cơ sở khám bệnh, chữa bệnh","Vệ sinh đối với người khỏe, người nhà người khỏe trong công tác kiểm soát nhiễm khuẩn trong các cơ sở khám bệnh, chữa bệnh",0
218,Quan hệ tình dục với người dưới 13 tuổi thì bị xử phạt bao nhiêu năm tù?,Quan hệ tình dục với trẻ em thì bị xử phạt bao nhiêu năm tù?,1
219,Quan hệ tình dục với người dưới 13 tuổi thì bị xử phạt bao nhiêu năm tù?,Quan hệ tình dục với trẻ con thì bị xử phạt bao nhiêu năm tù?,1
220,Quan hệ tình dục với người dưới 13 tuổi thì bị xử phạt bao nhiêu năm tù?,Quan hệ tình dục với người dưới 13 tuổi thì không bị xử phạt,0
221,Có được quảng cáo thuốc lá không?,Có được hút thuốc lá không?,0
222,Có được quảng cáo thuốc lá không?,Có được mua bán thuốc lá không?,0
223,Có được quảng cáo thuốc lá không?,Có được quảng bá thuốc lá không?,1
224,Con sinh ra có bắt buộc phải mang họ của cha hay không?,Con đẻ ra có bắt buộc phải mang họ của cha hay không?,1
225,Con sinh ra có bắt buộc phải mang họ của cha hay không?,Con sinh ra có bắt buộc phải mang họ của ba hay không?,1
226,Con sinh ra có bắt buộc phải mang họ của cha hay không?,Con sinh ra tự do mang tên của cha,0
227,Trợ cấp mai táng đối với quân nhân được quy định như thế nào?,Trợ cấp mai táng đối với công an được quy định như thế nào?,0
228,Trợ cấp mai táng đối với quân nhân được quy định như thế nào?,Trợ cấp mai táng đối với người dân được quy định như thế nào?,0
229,Trợ cấp mai táng đối với quân nhân được quy định như thế nào?,Trợ cấp an táng đối với quân nhân được quy định như thế nào?,1
230,Neo đậu tại vùng nước cảng quá 24 giờ không xin phép khi đã hoàn thành thủ tục xuất cảnh bị phạt bao nhiêu tiền?,Neo đậu tại vùng nước cảng quá một ngày không xin phép khi đã hoàn thành thủ tục xuất cảnh bị phạt bao nhiêu tiền?
231,Quy định về tên gọi của tàu bay,Quy định về tên gọi của tàu hỏa,0
232,Quy định về tên gọi của tàu bay,Quy định về tên gọi của tàu thủy,0
233,Quy định về tên gọi của tàu bay,Quy định về tên gọi của máy bay,1
234,Các nguyên tắc thực hiện công tác tàng thư căn cước công dân,Các nguyên tắc thực hiện công tác hủy bỏ căn cước công dân,0
235,Các nguyên tắc thực hiện công tác tàng thư căn cước công dân,Các quy định thực hiện công tác tàng thư căn cước công dân,1
236,Các nguyên tắc thực hiện công tác tàng thư căn cước công dân,Các nguyên tắc thực hiện công tác lưu trữ căn cước công dân,1
237,Các nguyên tắc thực hiện công tác tàng thư căn cước công dân,Các nguyên tắc thực hiện công tác tàng thư chứng minh nhân dân,1
238,Không đóng dấu khi xuất cảnh bị xử lý thế nào?,Không làm thủ tục khi xuất cảnh bị xử lý thế nào?,1
239,Người chấp hành xong án phạt tù có những quyền gì?,Người chấp hành xong án phạt tù có những nghĩa vụ gì?,0
240,Người chấp hành xong án phạt tù có những nghĩa vụ gì?,Người thi hành xong bản án phạt tù có những nghĩa vụ gì?,1
241,Người chấp hành xong án phạt tù có những quyền gì?,Người trốn án phạt tù có quyền gì?,0
242,Xây nhà bít hết lối đi của hàng xóm có được không?,Xây nhà chặn hết lối đi của hàng xóm có được không?,1
243,Xây nhà bít hết lối đi của hàng xóm có được không?,Xây nhà bít hết lối đi của người khác có được không?,1
244,Xây nhà bít hết lối đi của hàng xóm có được không?,Phá nhà của hàng xóm có được không?,0
245,Xây nhà bít hết lối đi của hàng xóm có được không?,Phá lối đi của hàng xóm có được không?,0
246,Rút sổ tiết kiệm ngân hàng của người đã chết không để lại di chúc như thế nào?,Làm sao rút được sổ tiết kiệm 2 tỷ đồng của bà nội đã qua đời?,0
247,Rút sổ tiết kiệm ngân hàng của người đã chết không để lại di chúc như thế nào?,Rút tố cáo thì có bắt buộc phải lập thành văn bản hay không?,0
248,Rút sổ tiết kiệm ngân hàng của người đã chết không để lại di chúc như thế nào?,Rút sổ tiết kiệm ngân hàng của người đã mất không để lại di chúc?,1
249,Ai được quyền khai nhận di sản thừa kế khi không có di chúc?,Người nào được quyền khai nhận di sản thừa kế khi không có di chúc?,1
250,Ai được quyền khai nhận di sản thừa kế khi không có di chúc?,Ai được quyền khai nhận di sản thừa kế khi không có chúc thư?,1
251,Ai được quyền khai nhận di sản thừa kế khi không có di chúc?,Hàng xóm được quyền khai nhận di sản thừa kế?,0
252,Kiểm soát điện thoại của chồng có phạm luật?,Đánh chồng có vi phạm pháp luật?,0
253,Kiểm soát điện thoại của chồng có phạm luật?,Chiếm giữ điện thoại của chồng có phạm luật?,0
254,Kiểm soát điện thoại của chồng có phạm luật?,Quản lý điện thoại của chồng có vi phạm luật?,1
255,Mức phạt vượt đèn đỏ của xe máy hiện nay là bao nhiêu?,Vượt đèn đỏ của xe máy hiện nay bị phạt bao nhiêu?,1
256,Mức phạt vượt đèn đỏ của xe máy hiện nay là bao nhiêu?,Mức thưởng vượt đèn đỏ của xe máy hiện nay là bao nhiêu?,0
257,Mức phạt vượt đèn đỏ của xe máy hiện nay là bao nhiêu?,Mức phạt vượt đèn đỏ của xe ô tô hiện nay là bao nhiêu?,0
258,Mức phạt vượt đèn đỏ của xe máy hiện nay là bao nhiêu?,Mức phạt vượt đèn đỏ của xe đạp hiện nay là bao nhiêu?,0
259,Những việc Thẩm phán không được làm là việc gì?,Những việc Thẩm phán được làm là việc gì?,0
260,Những việc Thẩm phán không được làm là việc gì?,Thẩm phán được làm việc gì?,0
261,Những việc Thẩm phán không được làm là việc gì?,Thẩm phán không được làm gì?,1
262,Bao nhiêu tuổi mới được kết nạp Đảng?,Độ tuổi kết nạp Đảng?,1
263,Bao nhiêu tuổi mới được kết nạp Đảng?,Bao nhiêu tuổi không được kết nạp Đảng?,0
264,Bao nhiêu tuổi mới được kết nạp Đảng?,Bao nhiêu tuổi mới được kết nạp Đoàn?,0
265,Khi nào được công nhận là Đảng viên chính thức?,Khi nào không được công nhận là Đảng viên?,0
266,Khi nào được công nhận là Đảng viên chính thức?,Khi nào được công nhận là Đoàn viên chính thức?,0
267,Khi nào được công nhận là Đảng viên chính thức?,Thời hạn được công nhận là Đảng viên chính thức?,1
268,Hành vi nói xấu doanh nghiệp bị xử lý như thế nào?,Hành vi nói tốt doanh nghiệp bị xử lý như thế nào?,0
269,Hành vi nói xấu doanh nghiệp bị xử lý như thế nào?,Nói xấu doanh nghiệp bị xử lý như thế nào?,1
270,Hành vi nói xấu doanh nghiệp bị xử lý như thế nào?,Việc nói xấu doanh nghiệp bị xử lý thế nào?,1
271,Đổi giấy phép lái xe cần giấy tờ gì?,Đổi giấy phép lái xe cần hồ sơ gì?,1
272,Đổi giấy phép lái xe cần giấy tờ gì?,Cấp mới giấy phép lái xe cần giấy tờ gì?,0
273,Đổi giấy phép lái xe cần giấy tờ gì?,Đổi giấy phép lái máy bay cần giấy tờ gì?,0
274,Đối tượng chịu sự kiểm tra hải quan là ai?,Hải quan chịu sự kiểm tra của ai?,0
275,Đối tượng chịu sự kiểm tra hải quan là ai?,Ai chịu sự kiểm tra hải quan?,1
276,Đối tượng chịu sự kiểm tra hải quan là ai?,Đối tượng chịu sự kiểm tra hải quân là ai?,0
277,Đối tượng chịu sự kiểm tra hải quan là ai?,Ai kiểm tra đối tượng chịu sự kiểm tra hải quan?,0
278,Giáo viên mầm non không bắt buộc phải đi dạy hè,Giáo viên mầm non không bắt buộc phải đi dạy học,0
279,Giáo viên mầm non không bắt buộc phải đi dạy hè,Giáo viên tiểu học không bắt buộc phải đi dạy hè,0
280,Giáo viên mầm non không bắt buộc phải đi dạy hè,Giáo viên trung học không bắt buộc phải đi dạy hè,0
281,Giáo viên mầm non không bắt buộc phải đi dạy hè,Giáo viên mầm non có phải đi dạy hè,1
282,Tham gia giao thông khi thấy đèn vàng,Tham gia giao thông khi thấy đèn đỏ,0
283,Tham gia giao thông khi thấy đèn vàng,Tham gia giao thông khi thấy đèn xanh,0
284,Tham gia giao thông khi thấy đèn vàng,Thấy tín hiệu đèn vàng khi tham gia giao thông,1
285,Giấy khai sinh và một số giấy tờ cá nhân khác có sai sót thì chỉnh sửa như thế nào?,Giấy khai sinh và một số giấy tờ cá nhân khác có sai sót thì hủy bỏ như thế nào?,0
286,Giấy khai sinh và một số giấy tờ cá nhân khác có sai sót thì chỉnh sửa như thế nào?,Giấy khai sinh và một số giấy tờ cá nhân khác không có sai sót thì chỉnh sửa như thế nào?,0
287,Giấy khai sinh và một số giấy tờ cá nhân khác có sai sót thì chỉnh sửa như thế nào?,Chỉnh sửa giấy khai sinh và một số giất tờ cá nhân khác khi có sai sót,1
289,Trường hợp nào không được cấp hộ chiếu?,Trường hợp được cấp hộ chiếu?,0
290,Trường hợp nào không được cấp hộ chiếu?,Trường hợp được cấp hộ khẩu?,0
291,Trường hợp nào không được cấp hộ chiếu?,Hộ chiếu được cấp cho ai?,0
292,Trường hợp nào không được cấp hộ chiếu?,Hộ chiếu được cấp cho trường hợp nào?,1
293,Cá độ bóng đá qua mạng bị phạt như thế nào?,Cá độ bóng đá qua Internet bị phạt như thế nào?,1
294,Cá độ bóng đá qua mạng bị phạt như thế nào?,Cá độ qua mạng bị phạt như thế nào?,1
295,Cá độ bóng đá qua mạng bị phạt như thế nào?,Không cá độ bị phạt thế nào?,0
296,Lấy lại nhà sau khi vượt biên phải làm thế nào?,Bán nhà sau khi vượt biên?,0
297,Lấy lại nhà sau khi vượt biên phải làm thế nào?,Sau khi vượt biên cướp nhà như thế nào?,0
298,Lấy lại nhà sau khi vượt biên phải làm thế nào?,Nhận lại nhà sau khi vượt biên,1
300,Bác ruột làm giám hộ cho cháu phải có những điều kiện gì?,Điều kiện làm người giám hộ,1
01,Quy định về phân loại nợ đối với Ngân hàng Phát triển,Phân loại nợ đối với Ngân hàng Phát triển như thế nào?,1
102,Cơ chế tự chủ tài chính của đơn vị sự nghiệp công là gì?,Quy định về cơ chế tự chủ tài chính của đơn vị sự nghiệp công,1
103,"Trình tự, thủ tục thực hiện để hỗ trợ người lao động ngừng việc do Covid-19",Hỗ trợ người lao động ngừng việc do Covid-19 được tiến hành như thế nào?,1
104,"Trình tự, thủ tục thực hiện để hỗ trợ người lao động ngừng việc do Covid-19","Đối tượng, điều kiện hỗ trợ cho người lao động ngừng việc do Covid-19",0
105,Cách xác định người có công giúp đỡ cách mạng,Tiêu chuẩn xác định người có công giúp đỡ cách mạng,1
106,Mã QR trên thẻ CCCD gắn chip có những thông tin gì?,Những thông tin chứa trong mã QR trên thẻ CCCD là gì?,1
107,Lựa chọn đất xây dựng khi quy hoạch xây dựng phải đảm bảo yêu cầu nào?, Khi quy hoạch xây dựng thì chọn đất phải đảm bảo điều gì?,1
108,"Quy trình, thủ tục, hồ sơ chi hỗ trợ nhân đạo từ Quỹ bảo hiểm xe cơ giới","Quy trình, thủ tục và hồ sơ chi trả hỗ trợ nhân đạo từ Quỹ bảo hiểm xe cơ giới",0
109,Cơ cấu tổ chức Hiệp hội Sáng tạo và Bản quyền tác giả Việt Nam?,Hiệp hội Sáng tạo và Bản quyền tác giả Việt Nam được tổ chức như thế nào?,1
110,Nội dung chi cho công tác thỏa thuận quốc tế mới nhất,Nội dung chi cho công tác điều ước quốc tế theo quy định mới,0
111,"Quy định về điều chỉnh cơ cấu vốn, tài sản của Ngân hàng Phát triển","Điều động vốn, tài sản của Ngân hàng phát triển được quy định như thế nào?",0
112,Kích thước bản sao y có bắt buộc bằng bản chính không?,quy định về bản chính và bản sao,1
113,Khi xảy ra tai nạn đường sắt thì phải làm gì?,Khi xảy ra tai nạn đường sắt thì có phải dừng tàu khẩn cấp không?,1
114,Viên chức thì có phải kê khai tài sản thu nhập hay không?,"quy định về người có nghĩa vụ kê khai tài sản, thu nhập",1
115,"Điều kiện, tiêu chuẩn để xác định là bệnh binh theo quy định mới?",Quy định về chế độ ưu đãi đối với bệnh binh mới nhất,0
116,Trách nhiệm giám sát dự án đầu tư sử dụng vốn nhà nước ngoài đầu tư công thuộc về ai?,Ai có trách nhiệm giám sát dự án đầu tư sử dụng vốn nhà nước ngoài đầu tư công,1
117,Bị phạt hành chính 18 triệu đồng có thể xin nộp phạt nhiều lần hay không?,Có thể xin nộp phạt nhiều lần khi bị phạt tài chính hay không?,1
118,"Tất cả sinh viên đang theo học đại học, cao đẳng sẽ được hỗ trợ vay vốn phải không?",Đối tượng sinh viên được hỗ trợ vay vốn?,1
119,Quy định về nội dung và mức chi thẩm định sách giáo khoa giáo dục phổ thông,Quy định về chi tổ chức họp thẩm định sách giáo khoa giáo dục phổ thông,0
120,Quy định về quy trình lập kế hoạch sử dụng đất kỳ đầu quốc gia,Quy trình lập kế hoạch sử dụng đất kỳ đầu quốc gia như thế nào?,1
121,Điều kiện để viên chức chuyên ngành Thông tin và Truyền thông thăng hạng chức danh nghề nghiệp từ hạng III lên hạng II?,Điều kiện để viên chức chuyên ngành Thông tin và Truyền thông thăng hạng chức danh nghề nghiệp hạng IV lên hạng III?,0
122,Yêu cầu đối với tin nhắn quảng cáo được quy định thế nào?, Tin nhắn quảng cáo phải đảm bảo những yêu cầu gì?,1
123,Mã số bảo hiểm y tế của một người có được giữ nguyên?,có quy định về cấu trúc mã thẻ BHYT,1
124,"Quy định về nhiệm vụ, quyền hạn của văn phòng Ủy ban nhân dân cấp tỉnh","Nhiệm vụ, quyền hạn của văn phòng Ủy ban nhân dân cấp tỉnh là gì?",1
125,Tổ chức bộ máy của Công an cấp tỉnh thì sẽ do người nào quy định?,Tổ chức bộ máy của Công an cấp tỉnh thì sẽ do ai quy định?,1
126,Có việc làm thì phải thông báo cho Trung tâm dịch vụ việc làm trong vòng bao nhiêu ngày?,Có việc làm thì có phải thông báo cho Trung tâm dịch vụ việc làm không?,1
127,Những chuyên ngành nào đủ điều kiện để được cấp Chứng chỉ định giá đất?,Để được chứng chỉ định giá đất phải có đủ các điều kiện gì?,1
128,Trên mặt có sẹo do tai nạn có phải đổi CCCD hay không?,Các trường hợp đổi thẻ Căn cước công dân?,1
129,Nhà chung cư nhiều chủ sở hữu thì mới phải lập Ban quản trị?,Quy định về Ban quản trị nhà chung cư,1
130,Đánh giá chương trình đầu tư công được thực hiện như thế nào?,Để đánh giá chương trình đầu tư công thì cần những gì?,1
131,Trách nhiệm Ủy ban nhân dân cấp huyện về chính sách trợ giúp xã hội đối với đối tượng bảo trợ xã hội?,Trách nhiệm Ủy ban nhân dân cấp xã về chính sách trợ giúp xã hội đối với đối tượng bảo trợ xã hội?,0
132,Những sinh viên nào khi tốt nghiệp có thể được tuyển chọn đào tạo sĩ quan dự bị?, Sinh viên khi tốt nghiệp đại học phải đảm bảo các điều kiện gì để được tuyển chọn đào tạo sĩ quan dự bị?,1
133,Thời gian đào tạo sĩ quan dự bị đối với người vừa hoàn thành nghĩa vụ quân sự?,Người vừa hoàn thành nghĩa vụ quân sự được đào tạo sĩ quan dự bị trong bao lâu?,1
134,Những tiêu chí thành lập chi cục và các tổ chức tương đương thuộc sở,Thành lập chi cục và các tổ chức tương đương thuộc sở thì cần những tiêu chí nào?,1
135,Quyết định khởi tố vụ án hình sự thì có cần phải ghi điều bao nhiêu hay không?,Có cần ghi điều bao nhiêu khi quyết định khởi tố vụ án hình sự không? ,1
136,Hướng dẫn thủ tục đăng ký lấy biển số xe máy,Thủ tục đăng ký lấy biển số xe máy,1
137,Lưu giữ thông tin tín dụng được quy định như thế nào?,Xử lý thông tin tín dụng được quy định như thế nào?,0
138,Lưu giữ thông tin tín dụng được quy định như thế nào?,Quy định lưu giữ thông tin tín dụng,1
139,"Việc xây dựng, tích hợp phương án phát triển cụm công nghiệp vào quy hoạch tỉnh được quy định ra sao?","Xây dựng, tích hợp phương án phát triển cụm công nghiệp vào quy hoạch tỉnh được quy định như thế nào?",1
140,"Ai có thẩm quyền đánh giá, xếp loại chất lượng công chức?","Quy định về thẩm quyền đánh giá, xếp loại chất lượng công chức",1
141,Quyền và nghĩa vụ của công ty thông tin tín dụng quy định như thế nào?,Nghĩa vụ của công ty thông tin tín dụng được quy định như thế nào?,0
142,"Trình tự đánh giá, xếp loại chất lượng công chức là cấp phó","Để đánh giá, xếp loại chất lượng công chức là cấp phó thì làm như thế nào?",1
143,Cá nhân kinh doanh nộp thuế theo từng lần phát sinh có phải thực hiện chế độ kế toán hay không?,Quy định phương pháp tính thuế đối với cá nhân kinh doanh nộp thuế theo từng lần phát sinh,1
144,Hồ sơ khai thuế khi cá nhân cho thuê tài sản trực tiếp khai thuế với cơ quan thuế?,Quy định hồ sơ khai thuế đối với cá nhân cho thuê tài sản trực tiếp khai thuế với cơ quan thuế,1
145,Hơn 60 tuổi có quyền hiến tạng nữa hay không?,Thông tin về quyền hiến tạng,1
146,"Ai có thẩm quyền phê duyệt phương án phòng cháy, chữa cháy?"," Quy định về thẩm quyền phê duyệt phương án phòng cháy, chữa cháy ",1
147,Phải có bằng lái xe B2 mới được thi bằng C đúng không?,Có bắt buộc có bằng lái xe B2 thì mới được thì bằng C?,1
148,"Thời hạn vay để mua, thuê mua nhà ở xã hội là bao lâu?","Mức lãi suất vay để mua, thuê mua nhà ở xã hội là bao nhiêu?",0
149,Làm điều dưỡng ở phòng khám tư chuyên khoa da liễu thì có được cấp chứng chỉ hành nghề hay không?,Quy định điều dưỡng viên muốn được cấp chứng chỉ hành nghề,1
150,Công ty phải gửi báo cáo y tế lao động vào thời gian nào?,Thời gian gửi báo cáo y tế tuyến cơ sở là khi nào?,1
151,Cách xác định người trúng tuyển viên chức khi có 2 người cùng điểm thi ở chỉ tiêu cuối cùng,Quy định về cách xác định người trúng tuyển trong kỳ thi tuyển viên chức ,1
152,Chủ tịch Hội đồng tuyển dụng viên chức có bắt buộc là người đứng đầu đơn vị sự nghiệp công lập hay không?,Có nhất thiết chủ tịch Hội đồng tuyển dụng viên chức  là người đứng đầu đơn vị sự nghiệp công lập hay không?,1
153,Khi ký kết hợp đồng EPC các bên phải thỏa thuận những nội dung gì?,Những nội dung mà khi ký kết hợp đồng EPC các bên phải thỏa thuận?,1
154,"Định nghĩa về hợp đồng xây dựng đơn giản, quy mô nhỏ","Hợp đồng xây dựng đơn giản, quy mô nhỏ là gì?",1
155,"Chức trách, nhiệm vụ đối với ngạch Văn thư viên trung cấp là công chức chuyên ngành văn thư?","Chức trách, nhiệm vụ đối với ngạch Văn thư viên trung cấp là công chức chuyên là  ngành văn thư là gì?",1
156,Sản phẩm thông tin tín dụng là gì?,Như thế nào là sản phẩm thông tin tín dụng?,1
157,Nguyên tắc cung cấp sản phẩm thông tin tín dụng được quy định như thế nào?,Nguyên tắc sử dụng sản phẩm thông tin tín dụng được quy định như thế nào?,0
158,Phát hiện trẻ bị bỏ rơi tại bệnh viện thì cần phải làm gì?,Quy định việc đăng ký khai sinh cho trẻ bị bỏ rơi ,1
159,Phát hiện trẻ bị bỏ rơi tại bệnh viện thì cần phải làm gì?,Phát hiện trẻ bị bỏ rơi thì phải làm gì?,1
160,Cử nhân luật thì có được bảo vệ cho người khởi kiện ở trước tòa hay không?,Ai thì được bảo vệ cho người khởi kiện ở trước tòa?,1
161,Luật sư vắng mặt tại phiên tòa giám đốc thẩm thì sẽ bị hoãn?,Phiên tòa giám đốc thẩm có bị hoãn khi Luật sư vắng mặt không?,1
162,Danh hiệu “Chiến sỹ thi đua cơ sở” ngành BHXH bao gồm những tiêu chuẩn nào?,Những tiêu chuẩn của Danh hiệu “Chiến sỹ thi đua cơ sở” ngành BHXH là gì?,1
163,Chế độ đối với liệt sĩ theo quy định mới gồm những chế độ gì?,Những chế độ đối với liệt sĩ theo quy định mới?,1
164,Điều kiện áp dụng đối với thuế suất thuế xuất khẩu ưu đãi theo Hiệp định UKVFTA?,Thuế suất thuế xuất khẩu ưu đãi theo Hiệp định UKVFTA được áp dụng với điều kiện gì?,1
165,Điều kiện áp dụng đối với thuế suất thuế xuất khẩu ưu đãi theo Hiệp định UKVFTA?,Điều kiện áp dụng về thuế suất thuế nhập khẩu ưu đãi đặc biệt theo Hiệp định UKVFTA?,0
166,Hiểu thế nào về cuộc đấu giá bán cổ phần không thành công?,Cuộc đấu giá bán cổ phần không thành công là như thế nào?,1
167,Mức hỗ trợ mai táng phí cho người hiến bộ phận cơ thể người?,Mai táng phí cho người hiến bộ phận cơ thể người có được hỗ trợ không?,1
168,"Nguyên tắc chung của việc xây dựng, sửa chữa, cải tạo cầu qua sông có đê?","Việc xây dựng, sửa chữa, cải tạo cầu qua sông có đê có nguyên tắc gì?",1
169,Mỗi phạm nhân thì sẽ được đặc xá bao nhiêu lần?,Số lần đặc xá của mỗi phạm nhân?,1
170,Thẩm quyền xử phạt VPHC của Đội trưởng thuộc Chi cục Hải quan trong lĩnh vực văn hóa và quảng cáo,Thẩm quyền xử phạt VPHC của Chi cục trưởng Chi cục Hải quan trong lĩnh vực văn hóa và quảng cáo,0
171,Mức phụ cấp đối với đội cấp cứu 115 vận chuyển người bị cách ly y tế là bao nhiêu?,Quy định về chế độ phụ cấp chống dịch áp dụng với đội cấp cứu 115 vận chuyển người bị cách ly,1
172,Di chúc của công dân Việt Nam đang ở nước ngoài có giá trị trong các trường hợp nào?,Các trường hợp có giá trị của di chúc của công dân Việt Nam đang ở nước ngoài?,1
173,Thủ tục lập di chúc tại nhà riêng được thực hiện như thế nào?,Thủ tục lập di chúc tại nhà riêng,1
174,Bao nhiêu tuổi thì có thể lập di chúc?,Độ tuổi có thể lập di chúc là bao nhiêu,1
175,Nội dung của di chúc thì có được viết tắt hay không?,Viết tắt khi viết di chúc có được không?,1
176,Mức phạt đối với người chờ đèn đỏ ở khu vực bóng râm?,Chờ đèn đỏ ở khu vực bóng râm bị phạt bao nhiêu?,1
177,"Nhiệm vụ quốc phòng, an ninh là như thế nào?","Như thế nào là nhiệm vụ quốc phòng, an ninh",1
178,Quy định về các hình thức tổ chức thi đua trong ngành BHXH,"Quy định về căn cứ xét thi đua, khen thưởng trong ngành BHXH",0
179,Vượt quá nồng độ cồn bị tạm giữ xe khi nào mới lấy lại được?,Thời gian tạm giữ xe khi vi phạm vượt quá nồng độ cồn,1
180,Trang trại quy mô lớn không cập nhật đầy đủ hồ sơ về việc sử dụng thức ăn chăn nuôi sẽ bị xử phạt bao nhiêu?,"Trang trại quy mô lớn không lưu giữ, cập nhật đầy đủ hồ sơ về quá trình hoạt động chăn nuôi bị phạt bao nhiêu?",0
181,Nội dung giải trình của cơ sở giáo dục phổ thông công lập trong quản lý các hoạt động giáo dục,Nội dung giải trình của cơ sở giáo dục mầm non trong quản lý các hoạt động giáo dục,
182,Cơ quan nào cấp giấy phép vận chuyển hàng hóa nguy hiểm?,Giấy phép vận chuyển hàng hóa nguy hiểm do cơ quan nào cấp?,1
183,Cơ quan nào cấp giấy phép vận chuyển hàng hóa nguy hiểm?,Xin giấy phép vận chuyển hàng hóa nguy hiểm ở đâu?,1
184,Hồ sơ thu hồi chứng thư số chuyên dùng Ngành BHXH bao gồm những giấy tờ gì?,Hồ sơ thu hồi chứng thư số chuyên dùng Ngành BHXH gồm những văn bản nào?,1
185,Du học sinh về nước thuộc diện đi cách ly tập trung phải đóng phí là bao nhiêu?,Du học sinh về nước thuộc diện đi cách ly tập trung có phải đóng phí không?,1
186,Ai là người công bố di chúc?,Người nào có quyền công bố di chúc?,1
187,Mẫu báo cáo thực trạng quản trị và cơ cấu tổ chức doanh nghiệp 6 tháng/năm mới nhất,Quy định về mẫu báo cáo thực trạng quản trị và cơ cấu tổ chức doanh nghiệp theo năm,0
188,Kết quả xếp loại viên chức có được làm cơ sở xếp loại Đảng viên hay không?,Xếp loại Đảng viên có cần đến Kết quả xếp loại viên chức hay không? ,1
189,Có được hưởng BHYT khi đã đăng ký hiến tạng?,Khi đăng ký hiến tạng có đươc sử dụng BHYT không?,1
190,Người theo tôn giáo thì có được đăng ký dự tuyển viên chức không?,Người theo đạo thì có được đăng ký dự tuyển viên chức không?,1
191,Những vụ án giết người sẽ bắt buộc khám nghiệm tử thi phải không?,Những vụ án giết người có bắt buộc khám nghiệm tử thi  không?,1
192,Gây rối trật tự công cộng có bị ở tù hay không?,Tội gây rối trật tự công cộng bị phạt như thế nào?,1
193,"Người bệnh tại cơ sở KCB công lập được tham gia ý kiến, giám sát bằng hình thức gì?","Hình thức để người bệnh tại cơ sở KCB công lập được tham gia ý kiến, giám sát?",1
194,Báo cáo về dự án đầu tư bằng hình thức nào?,Hình thức để báo cáo về dự án đầu tư,1
195,Tài liệu xác định địa điểm thực hiện dự án đầu tư tại nước ngoài là loại giấy tờ nào?,Loại văn bản xác định địa điểm thực hiện dự án đầu tư tại nước ngoài là gì?,1
196,"Bến cảng, cầu cảng trong quá trình khai thác cần bảo đảm các yêu cầu nào?","Yêu cầu mà bến cảng, cầu cảng trong quá trình khai thác cần bảo đảm là gì?",1
197,Tất cả văn bản quy phạm pháp luật phải được thể hiện bằng tiếng Việt?,Tất cả văn bản quy phạm pháp luật được thể hiện bằng ngôn ngữ nào?,1
198,Đăng kí nguyện vọng xét tuyển vào đại học qua phương thức nào?,Làm sao để điều chỉnh nguyện vọng đăng ký xét tuyển vào đại học?,0
199,Tổ chức bị phạt hành chính bao nhiêu thì không cần lập biên bản?,Mức phạt hành chính mà không cần lập biên bản là bao nhiêu?,1
200,Áp dụng quản lý rủi ro trong quản lý về đăng ký thuế được quy định như thế nào?,Áp dụng quản lý rủi ro đối với người nộp thuế là hộ kinh doanh được quy định thế nào?,0





